<?xml version="1.0" encoding="UTF-8" standalone="no"?>
<project default="create_run_jar" name="Create Runnable Jar for Project mqtt_view">
    <!--this file was created by Eclipse Runnable JAR Export Wizard-->
    <!--ANT 1.7 is required                                        -->
    <!--define folder properties-->
    <property name="dir.buildfile" value="."/>
    <property name="dir.workspace" value="."/>
    <property name="dir.jarfile" value="${dir.buildfile}"/>
    <target name="create_run_jar">
        <jar destfile="${dir.jarfile}/MqttUdpViewer.jar" filesetmanifest="mergewithoutmain">
            <manifest>
                <attribute name="Main-Class" value="ru.dz.mqtt.viewer.Main"/>
                <attribute name="Class-Path" value="."/>
            </manifest>
            <fileset dir="${dir.jarfile}/bin"/>
            <fileset dir="../../lang/java/target/classes"/>
            <fileset dir="../../tools/uilib/bin"/>

            <zipfileset excludes="META-INF/*.SF" src="C:/Users/dz/.p2/pool/plugins/org.eclipse.fx.ide.css.jfx8_2.4.0.201605112122.jar"/>
        </jar>
    </target>
</project>
